Source File	Size	loadResources	load-configure	scan	loadDepInfo	loadInfo	load	generateSnapshots	checkR4R4B	generateNarratives	validate	loadLists	checkConformanceResources	checkConformanceResources2	checkConformanceResources3	generateLogicalMaps	validateExpressions	scanForUsageStats	checkURLsUnique	processProvenanceDetails	generate1	generate2	generateLogicals	makeDependencies	generateExampleZip	generateValidationPack	scanProfilesForR5	scanExamplesForR5
/fsh-generated/resources/ImplementationGuide-hl7.fhir.jp.core.json	120943	-	1	0	0	0	0	0	19	411	0	0	0	0	0	0	0	3	0	0	716	427	0	0	0	21	0	4
fsh-generated/resources/StructureDefinition-jp-coverage.json	33633	23	0	0	0	1	0	430	0	306	0	0	1	0	0	0	0	1	0	0	396	4056	0	1	0	13	0	1
fsh-generated/resources/StructureDefinition-jp-medication-ingredient-drugno.json	1771	6	0	0	0	0	0	27	0	21	0	0	0	0	0	0	0	0	0	0	43	223	0	0	0	1	0	0
fsh-generated/resources/ValueSet-jp-allergyintolerance-vs.json	752	2	1	0	0	0	0	0	0	64	0	0	0	0	0	0	0	0	0	0	7	9189	0	0	0	1	0	0
fsh-generated/resources/Condition-jp-condition-example-1.json	1398	5	0	0	0	0	0	0	0	2263	0	0	0	0	0	0	0	0	0	0	10	31	0	0	0	0	0	0
fsh-generated/resources/ValueSet-jp-diagnosticreportcategory-vs.json	1744	3	0	0	0	0	0	0	0	9	0	0	0	0	0	0	0	0	0	0	10	89	0	0	1	0	0	0
fsh-generated/resources/CapabilityStatement-jp-server-capabilitystatement.json	42030	53	0	0	0	0	0	0	3	77	0	0	0	0	0	0	0	1	0	0	179	184	0	1	0	3	0	1
fsh-generated/resources/ValueSet-jp-observation-bodymeasurement-code-vs.json	599	2	0	0	0	0	0	0	0	6	0	0	0	0	0	0	0	0	0	0	6	147	0	0	0	0	0	0
fsh-generated/resources/CodeSystem-jp-medication-example-dosagecomment-cs.json	1107	3	1	0	0	0	0	0	0	0	0	0	0	0	0	0	0	0	0	0	6	69	0	0	0	0	0	0
fsh-generated/resources/StructureDefinition-jp-coverage-insuredpersonsymbol.json	1699	4	0	0	0	0	0	28	0	24	0	0	0	0	0	0	0	0	0	0	38	246	0	0	0	2	0	0
fsh-generated/resources/CodeSystem-jp-observation-bodymeasurement-code-cs.json	11059	21	3	0	0	0	0	0	1	0	0	0	0	0	0	0	0	0	0	0	27	83	0	0	0	0	0	0
fsh-generated/resources/ValueSet-jp-medication-example-ratecomment-vs.json	820	2	0	0	0	0	0	0	0	5	0	0	0	0	0	0	0	0	0	0	5	94	0	0	0	1	0	0
fsh-generated/resources/Observation-jp-observation-physicalexam-example-1.json	1468	3	0	0	0	0	0	0	0	30	0	0	0	0	0	0	0	0	0	0	9	43	0	0	0	0	0	0
fsh-generated/resources/ValueSet-jp-procedure-device-action-vs.json	540	2	0	0	0	0	0	0	0	5	0	0	0	0	0	0	0	0	0	0	5	100	0	0	0	0	0	0
fsh-generated/resources/MedicationAdministration-jp-medicationadministration-example-1.json	3146	6	1	0	0	0	0	0	1	1179	0	0	0	0	0	0	0	0	0	0	14	36	0	0	0	0	0	0
fsh-generated/resources/ValueSet-jp-undefined-vs.json	590	3	1	0	0	0	0	0	0	9	0	0	0	0	0	0	0	0	0	0	5	66	0	0	0	0	0	0
fsh-generated/resources/StructureDefinition-jp-medicationratio-doseperday.json	2004	5	0	0	0	0	0	286	0	67	0	0	1	0	0	0	0	0	0	0	96	725	0	0	0	3	0	0
fsh-generated/resources/NamingSystem-jp-medicationcodeyj-namingsystem.json	569	3	0	0	0	0	21	0	0	8	3318	0	0	0	0	0	0	0	0	0	7	14	0	0	0	0	0	0
fsh-generated/resources/StructureDefinition-jp-observation-common.json	29649	20	0	0	0	0	0	708	0	177	0	0	0	0	0	0	0	1	0	0	375	1648	0	4	0	13	1	2
fsh-generated/resources/StructureDefinition-jp-coverage-insuredpersonnumber.json	1699	5	0	0	0	0	0	30	0	22	0	0	0	0	0	0	0	0	0	0	44	151	0	0	0	2	0	0
fsh-generated/resources/ValueSet-jp-medication-code-hot7-vs.json	553	3	0	0	0	0	0	0	0	5	0	0	0	0	0	0	0	0	0	0	5	39	0	0	0	0	0	0
fsh-generated/resources/NamingSystem-jp-medicationcodehot7-namingsystem.json	577	2	0	0	0	0	5	0	0	6	9	0	0	0	0	0	0	0	0	0	9	13	0	0	0	0	0	0
fsh-generated/resources/MedicationAdministration-jp-medicationadministration-injection-example-1.json	5730	10	0	0	0	0	0	0	1	3242	0	0	0	0	0	0	0	0	0	0	28	22	0	0	0	0	0	1
fsh-generated/resources/Location-jp-location-example-examinationroom.json	776	3	0	0	0	0	0	0	0	57	0	0	0	0	0	0	0	0	0	0	9	12	0	0	0	0	0	0
fsh-generated/resources/SearchParameter-jp-coverage-insuredpersonsymbol-sp.json	1246	3	1	0	0	0	0	0	0	7	0	0	0	0	0	0	0	0	0	0	18	13	0	0	0	1	0	0
fsh-generated/resources/StructureDefinition-jp-medicationrequest-injection.json	45157	40	0	0	0	0	0	340	0	899	0	0	0	0	0	0	0	1	0	0	692	2299	0	0	0	21	0	1
fsh-generated/resources/MedicationRequest-jp-medicationrequest-example-1.json	3372	7	0	0	0	0	0	0	0	1099	0	0	0	0	0	0	0	0	0	0	15	23	0	0	0	0	0	0
fsh-generated/resources/StructureDefinition-jp-medicationadministration-requester.json	1743	5	0	0	0	0	0	32	0	24	0	0	0	0	0	0	0	0	0	0	39	137	0	0	0	1	0	0
fsh-generated/resources/StructureDefinition-jp-media-endoscopy.json	9940	18	0	0	0	0	0	113	0	103	0	0	0	0	0	0	0	1	0	0	195	875	0	0	0	6	0	0
fsh-generated/resources/StructureDefinition-jp-medicationdosage-device.json	1665	5	0	0	0	0	0	29	0	19	0	0	0	0	0	0	0	0	0	0	41	137	0	1	0	1	0	0
fsh-generated/resources/PractitionerRole-jp-practitionerrole-example-1.json	1846	4	0	0	0	0	0	0	1	1161	0	0	0	0	0	0	0	0	0	0	12	14	0	0	0	0	0	0
fsh-generated/resources/NamingSystem-jp-prefecturenumber-namingsystem.json	568	2	0	0	0	0	5	0	0	7	7	0	0	0	0	0	0	0	0	0	8	15	0	0	0	1	0	0
fsh-generated/resources/CodeSystem-jp-microbiology-anti-microbial-drug-cs.json	35776	40	0	0	0	0	0	0	3	0	0	0	0	0	0	0	0	0	0	0	49	81	0	0	0	2	0	1
fsh-generated/resources/CodeSystem-jp-medication-example-line-cs.json	1977	4	1	0	0	0	0	0	0	0	0	0	0	0	0	0	0	0	0	0	7	54	0	0	0	0	0	0
fsh-generated/resources/Media-jp-media-endoscopy-example-1.json	1005	4	0	0	0	0	0	0	0	39	0	0	0	0	0	0	0	0	0	0	8	13	0	0	0	0	0	0
fsh-generated/resources/StructureDefinition-jp-medicationratio-amount.json	1938	5	0	0	0	0	0	33	0	22	0	0	0	0	0	0	0	0	0	0	41	170	0	0	0	1	0	0
fsh-generated/resources/ValueSet-jp-procedure-code-medical-vs.json	655	3	0	0	0	0	0	0	0	4	0	0	0	0	0	0	0	0	0	0	6	36	0	0	0	1	0	0
fsh-generated/resources/StructureDefinition-jp-organization-insuranceorganizationno.json	2875	5	0	0	0	0	0	53	0	40	0	0	0	0	0	0	0	0	0	0	78	290	0	0	0	2	0	0
fsh-generated/resources/StructureDefinition-jp-observation-bodymeasurement.json	8702	12	0	0	0	0	0	213	0	221	0	0	1	0	0	0	0	1	0	0	404	1381	0	0	0	13	0	1
fsh-generated/resources/CodeSystem-jp-observation-bodysite-cs.json	733	3	0	0	0	0	0	0	0	0	0	0	0	0	0	0	0	0	0	0	5	39	0	0	0	2	0	0
fsh-generated/resources/StructureDefinition-jp-medicationadministration-uncategorizedcomment.json	2674	6	0	0	0	0	0	28	0	31	0	0	0	0	0	0	0	0	0	0	56	174	0	0	0	1	0	0
fsh-generated/resources/ValueSet-jp-medication-code-hot13-vs.json	558	2	1	0	0	0	0	0	0	5	0	0	0	0	0	0	0	0	0	0	5	53	0	0	0	1	0	0
fsh-generated/resources/DiagnosticReport-jp-diagnosticreport-radiology-example-1.json	184001	13	0	0	0	0	0	0	0	0	0	0	0	0	0	0	0	0	0	0	313	82	0	0	0	0	0	0
fsh-generated/resources/StructureDefinition-jp-medicationratio-doseperperiod.json	2827	7	0	0	0	0	0	0	1	63	0	0	0	0	0	0	0	1	0	0	103	434	0	0	0	3	0	0
fsh-generated/resources/ValueSet-jp-microbiology-category-laboratory-vs.json	635	2	0	0	0	0	0	0	0	5	0	0	0	0	0	0	0	0	0	0	6	33	0	0	0	0	0	0
fsh-generated/resources/ValueSet-jp-procedure-condition-vs.json	576	2	0	0	0	0	0	0	0	4	0	0	0	0	0	0	0	0	0	0	7	32	0	0	0	0	0	0
fsh-generated/resources/NamingSystem-jp-medicationunitmerit9-namingsystem.json	587	2	0	0	0	0	4	0	0	7	7	0	0	0	0	0	0	0	0	0	7	13	0	0	0	1	0	0
fsh-generated/resources/CodeSystem-jp-endoscopyterminology-codes-jed-cs.json	182256	347	1	0	0	0	0	0	16	1	0	0	1	2	0	0	0	1	0	0	411	685	0	0	0	24	0	1
fsh-generated/resources/StructureDefinition-jp-medicationsimplequantity.json	3634	6	0	0	0	0	0	30	0	33	0	0	0	0	0	0	0	0	0	0	54	279	0	0	0	2	0	0
fsh-generated/resources/ImagingStudy-jp-imagingstudy-endoscopy-example-1.json	2571	5	0	0	0	0	0	0	0	18	0	0	0	0	0	0	0	0	0	0	13	17	0	0	0	0	0	0
fsh-generated/resources/Procedure-jp-procedure-example-1.json	1126	3	0	0	0	0	0	0	0	3	0	0	0	0	0	0	0	0	0	0	7	13	0	0	0	0	0	0
fsh-generated/resources/StructureDefinition-jp-observation-socialhistory.json	7180	9	0	0	0	0	0	165	0	194	0	0	0	0	0	0	0	1	0	0	380	1125	0	0	0	12	1	1
fsh-generated/resources/StructureDefinition-jp-location.json	23205	16	0	0	0	0	0	112	0	136	0	0	0	0	0	0	0	1	0	0	234	978	0	0	0	9	0	0
fsh-generated/resources/ImagingStudy-jp-imagingstudy-radiology-example-1.json	1276	3	0	0	0	0	0	0	0	1101	0	0	0	0	0	0	0	0	0	0	8	8	0	0	0	0	0	0
fsh-generated/resources/ValueSet-jp-conclusion-codes-jed-vs.json	89432	128	0	0	0	0	0	0	6	2546	0	0	0	0	0	0	0	0	0	0	376	332	0	0	0	14	0	1
fsh-generated/resources/ValueSet-jp-procedure-codes-dental-vs.json	651	2	1	0	0	0	0	0	0	6	0	0	0	0	0	0	0	0	0	0	5	35	0	0	0	1	0	0
fsh-generated/resources/StructureDefinition-jp-encounter.json	51027	31	0	0	2	0	0	221	0	400	0	0	1	0	0	0	0	1	0	0	476	1704	0	1	0	17	0	0
fsh-generated/resources/Practitioner-jp-practitioner-example-male-2.json	791	2	0	0	0	0	0	0	0	5	0	0	0	0	0	0	0	0	0	0	4	10	0	0	0	0	0	0
fsh-generated/resources/ValueSet-jp-microbiology-category-vs.json	517	2	0	0	0	0	0	0	0	6	0	0	0	0	0	0	0	0	0	0	5	38	0	0	0	0	0	0
fsh-generated/resources/ValueSet-jp-medicationcode-immunization-vs.json	771	3	1	0	0	0	0	0	0	6	0	0	0	0	0	0	0	0	0	0	6	35	0	0	0	1	0	0
fsh-generated/resources/StructureDefinition-jp-diagnosticreport-radiology.json	23912	20	0	0	0	0	0	300	0	247	0	0	0	0	0	0	0	1	0	0	398	1613	0	0	0	14	0	1
fsh-generated/resources/Medication-jp-medication-example-2.json	1472	4	0	0	0	0	0	0	0	997	0	0	0	0	0	0	0	0	0	0	7	7	0	0	0	0	0	0
fsh-generated/resources/ValueSet-jp-medication-bodysite-jami-external-vs.json	676	2	0	0	0	0	0	0	0	6	0	0	0	0	0	0	0	0	0	0	6	32	0	0	0	0	0	0
fsh-generated/resources/StructureDefinition-jp-medicationtiming.json	10953	11	0	0	0	0	0	76	0	102	0	0	0	0	0	0	0	0	0	0	145	644	0	0	0	5	0	0
fsh-generated/resources/ValueSet-jp-medication-example-uncategorized-comment-vs.json	872	3	0	0	0	0	0	0	0	6	0	0	0	0	0	0	0	0	0	0	5	38	0	0	0	1	0	0
fsh-generated/resources/NamingSystem-jp-medicationusagejami-namingsystem.json	574	2	0	0	0	0	4	0	0	8	7	0	0	0	0	0	0	0	0	0	8	15	0	0	0	0	0	1
fsh-generated/resources/StructureDefinition-jp-medication.json	13600	14	0	0	0	0	0	112	0	129	0	0	0	0	0	0	0	1	0	0	197	757	0	0	0	9	0	0
fsh-generated/resources/ValueSet-jp-medication-unit-merit9-vs.json	607	2	0	0	0	0	0	0	0	5	0	0	0	0	0	0	0	0	0	0	4	36	0	0	0	1	0	0
fsh-generated/resources/ValueSet-jp-medication-example-dosagecomment-vs.json	812	2	0	0	0	0	0	0	0	5	0	0	0	0	0	0	0	0	0	0	5	33	0	0	0	0	0	0
fsh-generated/resources/ValueSet-jp-procedure-not-performed-reason-vs.json	638	2	1	0	0	0	0	0	1	4	0	0	0	0	0	0	0	0	0	0	6	34	0	0	0	0	0	0
fsh-generated/resources/ValueSet-jp-medication-category-vs.json	972	2	0	0	0	0	0	0	0	5	0	0	0	0	0	0	0	0	0	0	6	36	0	0	0	2	0	0
fsh-generated/resources/ValueSet-jp-medication-instruction-for-dispense-jhsp0002-vs.json	798	2	0	0	0	0	0	0	0	6	0	0	0	0	0	0	0	0	0	0	6	32	0	0	0	0	0	0
fsh-generated/resources/Organization-jp-organization-example-clinic.json	1282	3	0	0	0	0	0	0	0	2008	0	0	0	0	0	0	0	0	0	0	6	11	0	0	0	0	0	0
fsh-generated/resources/StructureDefinition-jp-immunization-manufactureddate.json	1461	4	0	0	0	0	0	20	0	19	0	0	0	0	0	0	0	0	0	0	38	133	0	0	0	1	0	0
fsh-generated/resources/CodeSystem-jp-undefined-cs.json	525	2	0	0	0	0	0	0	0	0	0	0	0	0	0	0	0	0	0	0	4	29	0	0	0	1	0	0
fsh-generated/resources/ValueSet-jp-procedure-codes-ichi-vs.json	551	2	0	0	0	0	0	0	0	5	0	0	0	0	0	0	0	0	0	0	5	35	0	0	0	0	0	0
fsh-generated/resources/CodeSystem-jp-microbiology-infectious-agent-cs.json	42373	167	1	0	0	0	0	0	4	0	0	0	0	0	0	0	0	0	0	0	109	134	0	0	0	4	0	0
fsh-generated/resources/MedicationDispense-jp-medicationdispense-injection-example-1.json	5380	7	0	0	0	0	0	0	0	20	0	0	0	0	0	0	0	0	0	0	22	23	0	0	0	0	0	0
fsh-generated/resources/ValueSet-jp-observation-physicalexam-bodysite-vs.json	604	3	0	0	0	0	0	0	1	5	0	0	0	0	0	0	0	0	0	0	5	35	0	0	0	0	0	0
fsh-generated/resources/ValueSet-jp-prefecturenumber-vs.json	451	2	0	0	0	0	0	0	0	5	0	0	0	0	0	0	0	0	0	0	6	36	0	0	0	0	0	0
fsh-generated/resources/CodeSystem-jp-microbiology-category-cs.json	1144	4	0	0	0	0	0	0	0	0	0	0	0	0	0	0	0	0	0	0	6	29	0	0	0	0	0	0
fsh-generated/resources/StructureDefinition-jp-observation-labresult.json	41855	34	0	0	0	0	0	382	0	296	0	0	1	0	0	0	0	2	0	0	665	2468	0	0	0	25	1	1
fsh-generated/resources/StructureDefinition-jp-familymemberhistory.json	13054	14	0	0	0	0	0	118	0	107	0	0	0	0	0	0	0	0	0	0	229	785	0	0	0	8	0	1
fsh-generated/resources/NamingSystem-jp-medicationsubstitutionnotallowedreason-namingsystem.json	657	3	0	0	0	0	4	0	0	7	8	0	0	0	0	0	0	0	0	0	9	14	0	0	0	0	0	0
fsh-generated/resources/StructureDefinition-jp-medicationrequest-dispenserequest-expectedrepeatcount.json	1834	4	1	0	0	0	0	19	0	21	0	0	0	0	0	0	0	0	0	0	37	130	0	0	0	2	0	0
fsh-generated/resources/ValueSet-jp-medication-ingredientstrength-strengthtype-vs.json	649	2	0	0	0	0	0	0	0	5	0	0	0	0	0	0	0	0	0	0	5	32	0	0	0	0	0	0
fsh-generated/resources/StructureDefinition-jp-practitionerrole.json	19964	15	0	0	0	0	0	102	0	112	0	0	0	0	0	0	0	0	0	0	230	789	0	0	0	8	0	0
fsh-generated/resources/StructureDefinition-jp-immunization-duedateofnextdose.json	1484	5	0	0	0	0	0	19	0	19	0	0	0	0	0	0	0	1	0	0	36	135	0	0	0	1	0	0
fsh-generated/resources/CodeSystem-jp-medication-example-linecomment-cs.json	942	2	0	0	0	0	0	0	0	0	0	0	0	0	0	0	0	0	0	0	6	28	0	0	0	1	0	0
fsh-generated/resources/NamingSystem-jp-microbiology-antimicrobialdrug-ns.json	811	3	1	0	0	0	8	0	0	8	7	0	0	0	0	0	0	0	0	0	7	14	0	0	0	0	0	0
fsh-generated/resources/StructureDefinition-jp-observation-physicalexam.json	13851	19	0	0	0	0	0	231	0	256	0	0	0	0	0	0	0	1	0	0	482	1792	0	0	0	17	0	1
fsh-generated/resources/CodeSystem-jp-medication-example-uncategorized-comment-cs.json	1472	4	0	0	0	0	0	0	0	0	0	0	0	0	0	0	0	0	0	0	6	31	0	0	0	0	0	0
fsh-generated/resources/ValueSet-jp-observation-socialhistory-code-vs.json	663	3	0	0	0	0	0	0	0	5	0	0	0	0	0	0	0	0	0	0	5	31	0	0	0	1	0	0
fsh-generated/resources/CodeSystem-jp-simpleobservationcategory-cs.json	4316	5	0	0	0	0	0	0	1	0	0	0	0	0	0	0	0	0	0	0	9	31	0	0	0	0	0	0
fsh-generated/resources/StructureDefinition-jp-organization-prefectureno.json	2589	6	0	0	0	0	0	38	0	40	0	0	0	0	0	0	0	0	0	0	70	264	0	0	0	2	0	0
fsh-generated/resources/SearchParameter-jp-coverage-insuredpersonsubnumber-sp.json	1276	2	0	0	0	0	0	0	0	6	0	0	0	0	0	0	0	0	0	0	7	13	0	0	0	1	0	0
fsh-generated/resources/MedicationRequest-jp-medicationrequest-example-2.json	3389	7	0	0	0	0	0	0	0	10	0	0	0	0	0	0	0	0	0	0	12	10	0	0	0	0	0	0
fsh-generated/resources/StructureDefinition-jp-practitioner.json	27961	23	1	0	0	0	0	214	0	278	0	0	0	0	0	0	0	1	0	0	531	1540	0	0	0	15	0	1
fsh-generated/resources/ValueSet-jp-observation-bodysite-vs.json	744	2	0	0	0	0	0	0	0	5	0	0	0	0	0	0	0	0	0	0	6	37	0	0	0	1	0	0
fsh-generated/resources/ValueSet-jp-procedure-followup-vs.json	529	3	0	0	0	0	0	0	0	5	0	0	0	0	0	0	0	0	0	0	5	36	0	0	0	0	0	0
fsh-generated/resources/StructureDefinition-jp-medicationdispense-preparation.json	2662	7	0	0	0	0	0	30	0	29	0	0	0	0	0	0	0	0	0	0	54	160	0	0	0	2	0	0
fsh-generated/resources/CodeSystem-jp-procedure-category-cs.json	1362	3	0	0	0	0	0	0	0	0	0	0	0	0	0	0	0	0	0	0	6	26	0	0	0	0	0	0
fsh-generated/resources/NamingSystem-jp-observation-vitalsignscode-namingsystem.json	603	3	0	0	0	0	4	0	1	6	19	0	0	0	0	0	0	0	0	0	7	14	0	0	0	0	0	0
fsh-generated/resources/StructureDefinition-jp-medicationdosage-line.json	1848	5	0	0	0	0	0	28	0	29	0	0	0	0	0	0	0	0	0	0	52	178	0	0	0	4	1	0
fsh-generated/resources/StructureDefinition-jp-medicationquantity.json	4323	6	0	0	0	0	0	27	0	31	0	0	0	0	0	0	0	0	0	0	55	320	0	1	0	2	0	0
fsh-generated/resources/Organization-jp-organization-example-inspection.json	625	2	0	0	0	0	0	0	0	3	0	0	0	0	0	0	0	0	0	0	4	6	0	0	0	0	0	0
fsh-generated/resources/ValueSet-jp-procedure-category-vs.json	503	2	1	0	0	0	0	0	0	6	0	0	0	0	0	0	0	0	0	0	5	32	0	0	0	0	0	0
fsh-generated/resources/CodeSystem-jp-observation-method-cs.json	503	3	0	0	0	0	0	0	0	0	0	0	0	0	0	0	0	0	0	0	5	26	0	0	0	0	0	0
fsh-generated/resources/ValueSet-jp-observation-bodymeasurement-category-vs.json	625	2	0	0	0	0	0	0	0	5	0	0	0	0	0	0	0	0	0	0	6	31	0	0	0	1	0	0
fsh-generated/resources/StructureDefinition-jp-medicationadministration-requestdepartment.json	1741	4	0	0	0	0	0	18	0	21	0	0	0	0	0	0	0	0	0	0	39	152	0	0	0	1	0	0
fsh-generated/resources/StructureDefinition-jp-organization.json	21122	16	0	0	0	0	0	151	0	174	0	0	1	0	0	0	0	1	0	0	323	1229	0	0	0	10	0	1
fsh-generated/resources/SearchParameter-jp-organization-insuranceorganizationno-sp.json	1293	3	1	0	0	0	0	0	0	6	0	0	0	0	0	0	0	0	0	0	8	15	0	0	0	0	0	0
fsh-generated/resources/Immunization-jp-immunization-example-1.json	2037	4	0	0	0	0	0	0	0	15	0	0	0	0	0	0	0	0	0	0	10	20	0	0	0	0	0	0
fsh-generated/resources/MedicationAdministration-jp-medicationadministration-injection-example-2.json	7027	10	0	0	0	0	0	0	1	1000	0	0	0	0	0	0	0	0	0	0	32	22	0	0	0	0	0	0
fsh-generated/resources/Specimen-jp-specimen-example-2.json	990	4	0	0	0	0	0	0	0	21	0	0	0	0	0	0	0	0	0	0	7	13	0	0	0	0	0	0
fsh-generated/resources/StructureDefinition-jp-medicationdosage.json	7714	11	0	0	0	0	0	295	0	228	0	0	0	0	0	0	0	1	0	0	346	1125	0	0	0	12	0	1
fsh-generated/resources/NamingSystem-jp-observation-jlac10-namingsystem.json	576	3	0	0	0	0	4	0	0	7	16	0	0	0	0	0	0	0	0	0	7	14	0	0	0	0	0	0
fsh-generated/resources/StructureDefinition-jp-medicationrange-unitoftime.json	2964	9	0	0	0	0	0	55	0	64	0	0	0	0	0	0	0	0	0	0	105	425	0	0	0	3	0	0
fsh-generated/resources/StructureDefinition-jp-medicationadministrationBase.json	37004	33	1	0	0	0	0	241	0	391	0	0	0	0	0	0	0	1	0	0	512	1732	0	1	0	18	0	1
fsh-generated/resources/CodeSystem-jp-medication-example-routecomment-cs.json	875	3	0	0	0	0	0	0	0	0	0	0	0	0	0	0	0	0	0	0	5	31	0	0	0	0	0	0
fsh-generated/resources/ValueSet-jp-observation-labresult-code-vs.json	712	3	0	0	0	0	0	0	0	5	0	0	0	0	0	0	0	0	0	0	4	34	0	0	0	0	0	0
fsh-generated/resources/ValueSet-jp-medication-category-merit9-vs.json	660	2	0	0	0	0	0	0	0	6	0	0	0	0	0	0	0	0	0	0	5	34	0	0	0	1	0	0
fsh-generated/resources/ValueSet-jp-procedure-performer-role-vs.json	551	3	1	0	0	0	0	0	0	5	0	0	0	0	0	0	0	0	0	0	5	34	0	0	0	0	0	0
fsh-generated/resources/NamingSystem-jp-medicationmethodjamibasicusage-namingsystem.json	630	3	0	0	0	0	3	0	0	6	11	0	0	0	0	0	0	0	0	0	7	14	0	0	0	0	0	0
fsh-generated/resources/StructureDefinition-jp-medicationdispensebase.json	34920	29	0	0	0	0	0	198	0	205	0	0	0	0	0	0	0	1	0	0	454	1416	0	0	0	15	0	0
fsh-generated/resources/ValueSet-jp-observation-physicalexam-method-vs.json	814	2	0	0	0	0	0	0	0	5	0	0	0	0	0	0	0	0	0	0	7	36	0	0	0	0	0	0
fsh-generated/resources/ValueSet-jp-microbiology-anti-microbial-drug-vs.json	1039	3	0	0	0	0	0	0	1	5	0	0	0	0	0	0	0	0	0	0	6	99	0	0	0	0	0	0
fsh-generated/resources/CodeSystem-jp-procedure-outcome-cs.json	1031	2	0	0	0	0	0	0	0	0	0	0	0	0	0	0	0	0	0	0	6	28	0	0	0	1	0	0
fsh-generated/resources/ValueSet-jp-documentcodes-diagnosticreport-vs.json	708	3	1	0	0	0	0	0	0	6	0	0	0	0	0	0	0	0	0	0	7	43	0	0	0	0	0	0
fsh-generated/resources/StructureDefinition-jp-imagingstudy-radiology.json	31996	28	0	0	0	0	0	173	0	204	0	0	0	0	0	0	0	1	0	0	342	1502	0	1	0	11	1	1
fsh-generated/resources/StructureDefinition-jp-medicationrequest-dispenserequest-instructionfordispense.json	2092	6	0	0	0	0	0	115	0	32	0	0	0	0	0	0	0	0	0	0	59	199	0	0	0	2	0	0
fsh-generated/resources/ValueSet-jp-department-ssmix2digits-vs.json	781	3	0	0	0	0	0	0	0	3033	0	0	0	0	0	0	0	0	0	0	6	35	0	0	0	0	0	0
fsh-generated/resources/ValueSet-jp-department-ssmix3digits-vs.json	781	2	0	0	0	0	0	0	0	3017	0	0	0	0	0	0	0	0	0	0	5	34	0	0	0	0	0	0
fsh-generated/resources/ValueSet-jp-procedure-outcome-vs.json	516	3	0	0	0	0	0	0	0	5	0	0	0	0	0	0	0	0	0	0	6	35	0	0	0	1	0	0
fsh-generated/resources/Location-jp-location-example-ward.json	795	3	0	0	0	0	0	0	0	4	0	0	0	0	0	0	0	0	0	0	6	8	0	0	0	0	0	0
fsh-generated/resources/ValueSet-jp-radiologymodality-vs.json	5698	13	0	0	0	0	0	0	0	17	0	0	0	0	0	0	0	0	0	0	30	58	0	0	0	0	0	0
fsh-generated/resources/StructureDefinition-jp-medicationadministration-injection.json	8250	16	0	0	0	0	0	269	0	271	0	0	1	0	0	0	0	1	0	0	433	1452	0	1	0	12	0	1
fsh-generated/resources/StructureDefinition-jp-patient-race.json	1881	5	0	0	0	0	0	24	0	20	0	0	0	0	0	0	0	1	0	0	43	147	0	0	0	2	0	0
fsh-generated/resources/ValueSet-jp-medicationcode-common-vs.json	534	3	1	0	0	0	0	0	1	4	0	0	0	0	0	0	0	0	0	0	5	36	0	0	0	0	0	0
fsh-generated/resources/Organization-jp-organization-example-payer.json	551	3	0	0	0	0	0	0	0	2	0	0	0	0	0	0	0	0	0	0	6	6	0	0	0	0	0	0
fsh-generated/resources/DiagnosticReport-jp-diagnosticreport-endoscopy-example-1.json	44410	6	0	0	0	0	0	0	0	8	0	0	0	0	0	0	0	0	0	0	89	21	0	0	0	0	0	0
fsh-generated/resources/CodeSystem-jp-procedure-not-performed-reason-cs.json	1348	3	0	0	0	0	0	0	0	0	0	0	0	0	0	0	0	0	0	0	6	30	0	0	0	0	0	0
fsh-generated/resources/ValueSet-jp-medication-route-hl70162-vs.json	700	3	0	0	0	0	0	0	0	5	0	0	0	0	0	0	0	0	0	0	6	35	0	0	0	0	0	0
fsh-generated/resources/ValueSet-jp-medication-example-linecomment-vs.json	817	2	0	0	0	0	0	0	0	4	0	0	0	0	0	0	0	0	0	0	5	37	0	0	0	0	0	0
fsh-generated/resources/StructureDefinition-jp-medicationrange.json	1839	5	0	0	0	0	0	23	0	22	0	0	0	0	0	0	0	0	0	0	42	169	0	0	0	2	0	0
fsh-generated/resources/ValueSet-jp-medication-as-needed-condition-merit9-vs.json	709	3	0	0	0	0	0	0	0	4	0	0	0	0	0	0	0	0	0	0	5	37	0	0	0	0	0	0
fsh-generated/resources/SearchParameter-jp-organization-prefectureno-sp.json	1209	3	0	0	0	0	0	0	0	5	0	0	0	0	0	0	0	0	0	0	7	15	0	0	0	0	0	0
fsh-generated/resources/ValueSet-jp-procedure-code-stem7-vs.json	655	3	1	0	0	0	0	0	0	5	0	0	0	0	0	0	0	0	0	0	5	36	0	0	0	0	0	0
fsh-generated/resources/ValueSet-jp-procedure-body-site-vs.json	510	2	0	0	0	0	0	0	0	4	0	0	0	0	0	0	0	0	0	0	6	41	0	0	0	0	0	0
fsh-generated/resources/MedicationRequest-jp-medicationrequest-injection-example-2.json	7549	13	0	0	0	0	0	0	1	16	0	0	0	0	0	0	0	0	0	0	26	20	0	0	0	0	0	1
fsh-generated/resources/StructureDefinition-jp-humanname.json	9546	8	0	0	0	0	0	40	0	40	0	0	0	0	0	0	0	0	0	0	87	395	0	0	1	3	0	0
fsh-generated/resources/ValueSet-jp-observation-vitalsigns-category-vs.json	677	3	0	0	0	0	0	0	0	4	0	0	0	0	0	0	0	0	0	0	5	35	0	0	0	0	0	0
fsh-generated/resources/StructureDefinition-jp-diagnosticreport-common.json	15790	16	0	0	0	0	0	0	0	102	0	0	0	0	0	0	0	0	0	0	214	922	0	0	0	9	0	0
fsh-generated/resources/StructureDefinition-jp-medicationdosage-usageduration.json	3101	7	0	0	0	0	0	41	0	38	0	0	0	0	0	0	0	1	0	0	74	291	0	1	0	2	0	0
fsh-generated/resources/SearchParameter-jp-patient-kanasort-sp.json	1366	3	0	0	0	0	0	0	0	5	0	0	0	0	0	0	0	0	0	0	7	15	0	0	0	1	0	0
fsh-generated/resources/Location-jp-location-example-ope.json	1095	3	0	0	0	0	0	0	0	5	0	0	0	0	0	0	0	0	0	0	7	7	0	0	0	0	0	0
fsh-generated/resources/NamingSystem-jp-microbiology-infectious-agent-ns.json	811	2	1	0	0	0	4	0	0	7	8	0	0	0	0	0	0	0	0	0	8	15	0	0	0	0	0	0
fsh-generated/resources/ValueSet-jp-procedure-reason-vs.json	496	2	0	0	0	0	0	0	0	4	0	0	0	0	0	0	0	0	0	0	5	35	0	0	0	0	0	0
fsh-generated/resources/Medication-jp-medication-example-1.json	1471	4	0	0	0	0	0	0	0	4	0	0	0	0	0	0	0	0	0	0	6	8	0	0	0	0	0	0
fsh-generated/resources/ValueSet-jp-medication-example-methodcomment-vs.json	824	2	0	0	0	0	0	0	0	4	0	0	0	0	0	0	0	0	0	0	5	36	0	0	0	0	0	0
fsh-generated/resources/ValueSet-jp-reason-codes-jed-vs.json	6065	9	0	0	0	0	0	0	1	1388	0	0	0	0	0	0	0	0	0	0	26	44	0	0	0	0	0	0
fsh-generated/resources/ValueSet-jp-medication-category-injection-vs.json	996	3	0	0	0	0	0	0	0	5	0	0	0	0	0	0	0	0	0	0	6	35	0	0	0	1	0	0
fsh-generated/resources/AllergyIntolerance-jp-allergyintolerance-example-1.json	1189	3	0	0	0	0	0	0	0	7	0	0	0	0	0	0	0	0	0	0	8	18	0	0	0	0	0	0
fsh-generated/resources/Specimen-jp-specimen-example-3.json	989	3	0	0	0	0	0	0	0	4	0	0	0	0	0	0	0	0	0	0	7	7	0	0	0	0	0	0
fsh-generated/resources/ValueSet-jp-medication-usage-injection-vs.json	818	2	0	0	0	0	0	0	0	6	0	0	0	0	0	0	0	0	0	0	5	35	0	0	0	0	0	0
fsh-generated/resources/ValueSet-jp-medication-category-jhsp0007-vs.json	737	3	0	0	0	0	0	0	0	4	0	0	0	0	0	0	0	0	0	0	5	33	0	0	0	0	0	0
fsh-generated/resources/SearchParameter-jp-medicationrequest-start-sp.json	982	2	0	0	0	0	0	0	0	5	0	0	0	0	0	0	0	0	0	0	6	12	0	0	0	1	0	0
fsh-generated/resources/ValueSet-jp-documentcodes-endoscopy-vs.json	1285	3	1	0	0	0	0	0	1	1118	0	0	0	0	0	0	0	0	0	0	8	34	0	0	0	0	0	0
fsh-generated/resources/ValueSet-jp-procedure-devicekind-vs.json	534	3	0	0	0	0	0	0	0	5	0	0	0	0	0	0	0	0	0	0	5	34	0	0	0	0	0	0
fsh-generated/resources/CapabilityStatement-jp-client-capabilitystatement.json	42039	49	0	0	0	0	0	0	2	65	0	0	0	0	0	0	0	0	0	0	95	35	0	5	0	2	0	1
fsh-generated/resources/Endpoint-endpoint-dicom-wadors-example.json	603	2	0	0	0	0	0	0	0	5	0	0	0	0	0	0	0	0	0	0	6	11	0	0	0	0	0	0
fsh-generated/resources/StructureDefinition-jp-coverage-insuredpersonsubnumber.json	1794	3	0	0	0	0	0	20	0	18	0	0	0	0	0	0	0	0	0	0	45	137	0	0	0	2	0	0
fsh-generated/resources/MedicationDispense-jp-medicationdispense-example-1.json	4142	8	0	0	0	0	0	0	0	35	0	0	0	0	0	0	0	0	0	0	19	12	0	0	0	0	0	0
fsh-generated/resources/CodeSystem-jp-medication-example-sitecomment-cs.json	824	2	0	0	0	0	0	0	0	0	0	0	0	0	0	0	0	0	0	0	5	27	0	0	0	0	0	0
fsh-generated/resources/StructureDefinition-jp-medicationadministration-requestauthoredon.json	1593	4	0	0	0	0	0	19	0	20	0	0	0	0	0	0	0	0	0	0	40	131	0	0	0	1	0	0
fsh-generated/resources/ValueSet-jp-medication-method-jami-detail-usage-vs.json	671	1	0	0	0	0	0	0	0	6	0	0	0	0	0	0	0	0	0	0	5	33	0	0	0	0	0	0
fsh-generated/resources/StructureDefinition-jp-diagnosticreport-endoscopy.json	12640	17	0	0	0	0	0	130	0	153	0	0	0	0	0	0	0	1	0	0	362	1134	0	1	0	9	0	0
fsh-generated/resources/StructureDefinition-jp-medicationdosage-ratecomment.json	2682	7	0	0	0	0	0	29	0	28	0	0	0	0	0	0	0	0	0	0	59	162	0	0	0	2	0	0
fsh-generated/resources/ValueSet-jp-medicallicensecertificate-vs.json	548	1	0	0	0	0	0	0	1	6	0	0	0	0	0	0	0	0	0	0	6	36	0	0	0	0	0	0
fsh-generated/resources/NamingSystem-jp-medicalfeescoretype-namingsystem.json	580	2	1	0	0	0	4	0	0	7	8	0	0	0	0	0	0	0	0	0	8	15	0	0	0	4	0	0
fsh-generated/resources/StructureDefinition-jp-medicationdosage-dosagecomment.json	2658	7	0	0	0	0	0	27	0	31	0	0	0	0	0	0	0	0	0	0	63	161	0	0	0	2	0	0
fsh-generated/resources/StructureDefinition-jp-medicationdosage-methodcomment.json	2678	6	0	0	0	0	0	26	0	28	0	0	0	0	0	0	0	0	0	0	63	159	0	0	0	1	0	0
fsh-generated/resources/StructureDefinition-jp-medication-ingredientstrength-strengthtype.json	1894	5	0	0	0	0	0	18	0	20	0	0	0	0	0	0	0	0	0	0	41	134	0	0	0	2	0	1
fsh-generated/resources/NamingSystem-jp-medicationusagejamiadditional-namingsystem.json	626	2	0	0	0	0	3	0	0	7	8	0	0	0	0	0	0	0	0	0	9	14	0	0	0	1	0	0
fsh-generated/resources/ValueSet-jp-medication-code-hot9-vs.json	553	2	0	0	0	0	0	0	0	5	0	0	0	0	0	0	0	0	0	0	5	35	0	0	0	0	0	0
fsh-generated/resources/StructureDefinition-jp-diagnosticreport-labresult.json	18822	16	0	0	0	0	0	149	0	181	0	0	0	0	0	0	0	1	0	0	372	1330	0	0	0	22	0	0
fsh-generated/resources/MedicationAdministration-jp-medicationadministration-example-2.json	1981	4	0	0	0	0	0	0	0	14	0	0	0	0	0	0	0	0	0	0	9	9	0	0	0	0	0	0
fsh-generated/resources/Observation-jp-observation-labresult-example-1.json	2676	5	0	0	0	0	0	0	0	25	0	0	0	0	0	0	0	0	0	0	16	23	0	0	0	0	0	0
fsh-generated/resources/StructureDefinition-jp-medicationdosage-injection.json	9642	13	0	0	0	0	0	231	0	242	0	0	0	0	0	0	0	1	0	0	393	1219	0	1	0	11	1	1
fsh-generated/resources/StructureDefinition-jp-medicationadministration-location.json	1774	4	1	0	0	0	0	29	0	19	0	0	0	0	0	0	0	0	0	0	42	137	0	0	0	1	0	0
fsh-generated/resources/ValueSet-jp-medication-category-jhsi0001-vs.json	737	2	0	0	0	0	0	0	0	4	0	0	0	0	0	0	0	0	0	0	5	35	0	0	0	1	0	0
fsh-generated/resources/ValueSet-jp-medication-method-jami-basic-usage-vs.json	669	1	0	0	0	0	0	0	0	5	0	0	0	0	0	0	0	0	0	0	5	35	0	0	0	0	0	0
fsh-generated/resources/ValueSet-jp-medicalfeescoretype-vs.json	570	2	0	0	0	0	0	0	0	4	0	0	0	0	0	0	0	0	0	0	6	35	0	0	0	0	0	0
fsh-generated/resources/CodeSystem-jp-observation-physicalexam-method-cs.json	3988	9	0	0	0	0	0	0	1	0	0	0	0	0	0	0	0	0	0	0	14	36	0	0	0	0	0	0
fsh-generated/resources/StructureDefinition-jp-imagingstudy-endoscopy.json	17019	23	0	0	0	0	0	158	0	167	0	0	1	0	0	0	0	1	0	0	345	1310	0	0	0	9	0	1
fsh-generated/resources/Practitioner-jp-practitioner-example-female-1.json	1945	4	0	0	0	0	0	0	0	1966	0	0	0	0	0	0	0	0	0	0	10	11	0	0	0	0	0	0
fsh-generated/resources/ValueSet-jp-medication-example-line-vs.json	778	2	0	0	0	0	0	0	0	10	0	0	0	0	0	0	0	0	0	0	5	38	0	0	0	1	0	0
fsh-generated/resources/NamingSystem-jp-medicationbodysitejamiexternal-namingsystem.json	631	3	0	0	0	0	4	0	0	6	7	0	0	0	0	0	0	0	0	0	7	25	0	0	0	0	0	0
fsh-generated/resources/ValueSet-jp-medicationcode-yj-vs.json	533	1	0	0	0	0	0	0	0	4	0	0	0	0	0	0	0	0	0	0	5	35	0	0	0	0	0	0
fsh-generated/resources/NamingSystem-jp-medicationmethodjamidetailusage-namingsystem.json	634	3	1	0	0	0	4	0	0	6	8	0	0	0	0	0	0	0	0	0	7	13	0	0	0	1	0	0
fsh-generated/resources/StructureDefinition-jp-diagnosticreport-microbiology.json	16876	15	0	0	0	0	0	154	0	130	0	0	0	0	0	0	0	0	0	0	281	1214	0	1	0	8	0	0
fsh-generated/resources/StructureDefinition-jp-medicationdosage-linecomment.json	2646	7	0	0	0	0	0	29	0	26	0	0	0	0	0	0	0	0	0	0	64	170	0	0	0	2	0	0
fsh-generated/resources/StructureDefinition-jp-medicationdosage-sitecomment.json	2680	6	0	0	0	0	0	28	0	27	0	0	0	0	0	0	0	1	0	0	62	144	0	0	0	2	0	0
fsh-generated/resources/FamilyMemberHistory-jp-familymemberhistory-example-1.json	833	3	0	0	0	0	0	0	0	4	0	0	0	0	0	0	0	0	0	0	9	14	0	0	0	0	0	0
fsh-generated/resources/Coverage-jp-coverage-example-1.json	1180	2	0	0	0	0	0	0	0	247	0	0	0	0	0	0	0	0	0	0	8	11	0	0	0	0	0	0
fsh-generated/resources/StructureDefinition-jp-medicationdosagebase.json	14032	16	0	0	0	0	0	1	0	135	0	0	0	0	0	0	0	0	0	0	262	1065	0	1	0	7	0	1
fsh-generated/resources/NamingSystem-jp-medicationcodehot9-namingsystem.json	733	2	0	0	0	0	4	0	1	6	8	0	0	0	0	0	0	0	0	0	9	14	0	0	0	6	0	0
fsh-generated/resources/ValueSet-jp-medication-method-jhsi0003-vs.json	735	3	0	0	0	0	0	0	0	5	0	0	0	0	0	0	0	0	0	0	6	31	0	0	0	0	0	0
fsh-generated/resources/ValueSet-jp-medicationcode-vs.json	858	2	0	0	0	0	0	0	0	5	0	0	0	0	0	0	0	0	0	0	6	34	0	0	0	0	0	0
fsh-generated/resources/ValueSet-jp-condition-severity-vs.json	577	2	0	0	0	0	0	0	0	3	0	0	0	0	0	0	0	0	0	0	5	31	0	0	0	0	0	0
fsh-generated/resources/ValueSet-jp-medication-as-needed-condition-jami-vs.json	715	2	0	0	0	0	0	0	0	5	0	0	0	0	0	0	0	0	0	0	5	32	0	0	0	1	0	0
fsh-generated/resources/StructureDefinition-jp-medicationadministration.json	4831	7	1	0	0	0	0	231	0	239	0	0	0	0	0	0	0	1	0	0	389	1459	0	0	0	10	0	1
fsh-generated/resources/ValueSet-jp-observation-method-vs.json	514	5	0	0	0	0	0	0	0	4	0	0	0	0	0	0	0	0	0	0	6	32	0	0	0	0	0	0
fsh-generated/resources/ValueSet-jp-medication-example-sitecomment-vs.json	820	2	0	0	0	0	0	0	0	5	0	0	0	0	0	0	0	0	0	0	6	35	0	0	0	0	0	0
fsh-generated/resources/StructureDefinition-jp-medicationdosage-periodofuse.json	2042	5	0	0	0	0	0	29	0	29	0	0	0	0	0	0	0	0	0	0	51	175	0	0	0	2	0	0
fsh-generated/resources/NamingSystem-jp-medicationingredientstrengthstrengthtype-namingsystem.json	666	2	0	0	0	0	10	0	0	7	8	0	0	0	0	0	0	0	0	0	8	14	0	0	0	0	0	0
fsh-generated/resources/StructureDefinition-jp-immunization-certificateddate.json	1461	5	0	0	0	0	0	20	0	19	0	0	0	0	0	0	0	0	0	0	38	126	0	0	0	1	0	0
fsh-generated/resources/ValueSet-jp-physicalexamcode-vs.json	718	2	0	0	0	0	0	0	0	5	0	0	0	0	0	0	0	0	0	0	5	44	0	0	0	0	0	0
fsh-generated/resources/Organization-jp-organization-example-hospital.json	1275	3	0	0	0	0	0	0	0	3	0	0	0	0	0	0	0	0	0	0	8	16	0	0	0	0	0	0
fsh-generated/resources/ValueSet-jp-microbiology-infectious-agent-vs.json	1024	2	0	0	0	0	0	0	0	5	0	0	0	0	0	0	0	0	0	0	8	43	0	0	0	1	0	0
fsh-generated/resources/Observation-jp-observation-vitalsigns-example-1.json	1373	3	1	0	0	0	0	0	0	6	0	0	0	0	0	0	0	0	0	0	8	10	0	0	0	0	0	0
fsh-generated/resources/ValueSet-jp-procedure-codes-nurse-vs.json	602	2	0	0	0	0	0	0	0	5	0	0	0	0	0	0	0	1	0	0	5	35	0	0	0	0	0	0
fsh-generated/resources/StructureDefinition-jp-patient.json	54089	35	0	0	0	0	0	235	0	248	0	0	0	0	0	0	0	1	0	0	589	2108	0	1	0	17	0	1
fsh-generated/resources/CodeSystem-jp-observation-bodymeasurement-category-cs.json	2216	4	0	0	0	0	0	0	1	0	0	0	0	1	0	0	0	0	0	0	9	30	0	0	0	1	0	0
fsh-generated/resources/CodeSystem-jp-physicalexamcode-cs.json	928	2	0	0	0	0	0	0	0	0	0	0	0	0	0	0	0	0	0	0	5	27	0	0	0	0	0	0
fsh-generated/resources/ValueSet-jp-medication-usage-jami-additional-vs.json	662	2	0	0	0	0	0	0	0	5	0	0	0	0	0	0	0	0	0	0	6	32	0	0	0	0	0	0
fsh-generated/resources/Practitioner-jp-practitioner-example-male-1.json	1199	3	0	0	0	0	0	0	0	3	0	0	0	0	0	0	0	0	0	0	7	7	0	0	0	0	0	0
fsh-generated/resources/StructureDefinition-jp-observation-microbiology.json	12804	19	0	0	0	0	0	281	0	310	0	0	1	0	0	0	0	2	0	0	614	1904	0	0	0	17	0	1
fsh-generated/resources/StructureDefinition-jp-organization-insuranceorganizationcategory.json	2694	5	0	0	0	0	0	127	0	39	0	0	0	0	0	0	0	1	0	0	73	229	0	0	0	2	1	0
fsh-generated/resources/StructureDefinition-jp-medicationdispense.json	4297	7	1	0	0	0	0	185	0	174	0	0	0	0	0	0	0	1	0	0	331	1186	0	1	0	10	0	1
fsh-generated/resources/ValueSet-jp-medication-example-routecomment-vs.json	825	2	0	0	0	0	0	0	0	4	0	0	0	0	0	0	0	0	0	0	6	32	0	0	0	0	0	0
fsh-generated/resources/ValueSet-jp-medication-usage-jami-vs.json	599	2	0	0	0	0	0	0	0	4	0	0	0	0	0	0	0	0	0	0	5	29	0	0	0	0	0	0
fsh-generated/resources/StructureDefinition-jp-allergyintolerance.json	17135	14	0	0	0	0	0	116	0	105	0	0	0	0	0	0	0	1	0	0	281	889	0	0	0	9	0	0
fsh-generated/resources/ValueSet-jp-observation-vitalsigns-code-vs.json	616	3	0	0	0	0	0	0	0	4	0	0	0	0	0	0	0	0	0	0	5	34	0	0	0	1	0	0
fsh-generated/resources/SearchParameter-jp-organization-insuranceorganizationcategory-sp.json	1329	3	0	0	0	0	0	0	0	5	0	0	0	0	0	0	0	0	0	0	7	15	0	0	0	0	0	0
fsh-generated/resources/Specimen-jp-specimen-example-1.json	961	3	0	0	0	0	0	0	0	6	0	0	0	0	0	0	0	0	0	0	7	8	0	0	0	0	0	0
fsh-generated/resources/SearchParameter-jp-coverage-insuredpersonnumber-sp.json	1246	3	1	0	0	0	0	0	0	5	0	0	0	0	0	0	0	0	0	0	6	14	0	0	0	0	0	0
fsh-generated/resources/DiagnosticReport-jp-diagnosticreport-microbiology-example-1.json	146786	66	0	0	0	0	0	0	3	0	0	0	0	0	0	0	0	0	0	0	358	93	0	0	0	0	0	0
fsh-generated/resources/CodeSystem-jp-medication-example-ratecomment-cs.json	1188	3	0	0	0	0	0	0	1	0	0	0	0	0	0	0	0	0	0	0	6	28	0	0	0	0	0	0
fsh-generated/resources/StructureDefinition-jp-medicationdosage-routecomment.json	2688	6	0	0	0	0	0	27	0	25	0	0	0	0	0	0	0	1	0	0	62	180	0	0	0	2	0	1
fsh-generated/resources/NamingSystem-jp-medicationroute-hl7-0162-namingsystem.json	761	3	0	0	0	0	4	0	0	6	7	0	0	0	0	0	0	0	0	0	9	13	0	0	0	0	0	0
fsh-generated/resources/MedicationRequest-jp-medicationrequest-injection-example-1.json	5530	8	0	0	0	0	0	0	0	13	0	0	0	0	0	0	0	0	0	0	21	14	0	0	0	0	0	0
fsh-generated/resources/StructureDefinition-jp-procedure.json	41670	33	0	0	0	0	0	252	0	259	0	0	0	0	0	0	0	1	0	0	578	1934	0	3	0	17	0	1
fsh-generated/resources/Patient-jp-patient-example-1.json	1999	5	0	0	0	0	0	0	0	4	0	0	0	0	0	0	0	1	0	0	10	18	0	0	0	0	0	0
fsh-generated/resources/ValueSet-jp-department-ssmix-vs.json	588	2	0	0	0	0	0	0	0	5	0	0	0	0	0	0	0	0	0	0	5	35	0	0	0	0	0	0
fsh-generated/resources/Encounter-jp-encounter-example-1.json	810	2	0	0	0	0	0	0	0	6	0	0	0	0	0	0	0	0	0	0	7	16	0	0	0	0	0	0
fsh-generated/resources/CodeSystem-jp-procedure-body-site-cs.json	535	3	0	0	0	0	0	0	0	0	0	0	0	0	0	0	0	0	0	0	5	25	0	0	0	1	0	0
fsh-generated/resources/StructureDefinition-jp-observation-vitalsigns.json	8660	12	1	0	0	0	0	191	0	197	0	0	0	0	0	0	0	1	0	0	408	1350	0	0	0	13	0	0
fsh-generated/resources/StructureDefinition-jp-immunization.json	12420	22	0	0	0	0	0	187	1	196	0	0	0	0	0	0	0	1	0	0	351	1255	0	1	0	9	0	1
fsh-generated/resources/CodeSystem-jp-medication-example-methodcomment-cs.json	968	2	0	0	0	0	0	0	0	1	0	0	0	0	0	0	0	0	0	0	5	30	0	0	0	1	0	0
fsh-generated/resources/NamingSystem-jp-medicationcodecommon-namingsystem.json	585	2	0	0	0	0	4	0	0	6	7	0	0	0	0	0	0	0	0	0	8	15	0	0	0	0	0	0
fsh-generated/resources/StructureDefinition-jp-medicationdispense-injection.json	3104	6	0	0	0	0	0	145	0	165	0	0	0	0	0	0	0	1	0	0	275	1111	0	0	0	9	0	1
fsh-generated/resources/DiagnosticReport-jp-diagnosticreport-labresult-example-1.json	7107	10	0	0	0	0	0	0	0	136	0	0	0	0	0	0	0	0	0	0	16	17	0	0	0	0	0	0
fsh-generated/resources/ValueSet-jp-simpleobservationcategory-vs.json	582	3	0	0	0	0	0	0	0	5	0	0	0	0	0	0	0	0	0	0	7	39	0	0	0	0	0	0
fsh-generated/resources/Observation-jp-observation-socialhistory-example-1.json	1912	3	0	0	0	0	0	0	0	7	0	0	0	0	0	0	0	0	0	0	8	9	0	0	0	0	0	0
fsh-generated/resources/CodeSystem-jp-documentcodes-cs.json	12210	15	0	0	0	0	0	0	1	0	0	0	0	0	0	0	0	1	0	0	18	43	0	0	0	1	0	0
fsh-generated/resources/NamingSystem-jp-medicationcodehot13-namingsystem.json	581	2	2	0	0	0	5	0	0	6	7	0	0	0	0	0	0	0	0	0	8	16	0	0	0	0	0	0
fsh-generated/resources/NamingSystem-jp-endoscopyterminology-codes-jed-ns.json	673	3	0	0	0	0	4	0	0	7	7	0	0	0	0	0	0	0	0	0	8	44	0	0	0	0	0	0
fsh-generated/resources/Observation-jp-observation-bodyMeasurement-example-1.json	1261	3	0	0	0	0	0	0	0	3132	0	0	0	0	0	0	0	0	0	0	7	9	0	0	0	0	0	0
fsh-generated/resources/ValueSet-jp-practitionerrole-vs.json	517	2	0	0	0	0	0	0	1	5	0	0	0	0	0	0	0	0	0	0	5	34	0	0	0	0	0	0
fsh-generated/resources/ValueSet-jp-medication-form-merit9-vs.json	634	2	0	0	0	0	0	0	0	4	0	0	0	0	0	0	0	0	0	0	5	35	0	0	0	1	0	0
fsh-generated/resources/StructureDefinition-jp-medicationrequest.json	46685	44	0	0	0	0	0	342	0	540	0	0	1	0	0	0	0	2	0	0	670	2634	0	2	0	21	0	1
fsh-generated/resources/Practitioner-jp-practitioner-example-female-2.json	804	3	0	0	0	0	0	0	0	1	0	0	0	0	0	0	0	0	0	0	5	7	0	0	0	0	0	0
fsh-generated/resources/ValueSet-jp-medication-substitution-not-allowed-reason-vs.json	666	3	1	0	0	0	0	0	0	5	0	0	0	0	0	0	0	0	0	0	5	37	0	0	0	1	0	0
fsh-generated/resources/NamingSystem-jp-department-ssmix-namingsystem.json	564	2	0	0	0	0	4	0	0	5	6	0	0	0	0	0	0	0	0	0	8	15	0	0	0	0	0	0
fsh-generated/resources/StructureDefinition-jp-condition.json	10827	13	0	0	0	0	0	108	0	105	0	0	0	0	0	0	0	0	0	0	221	818	0	1	0	6	0	0
